{
   "Items":    [
      {},
      {"Error": []},
      {"HotelStay": [      {
         "BasicPropertyInfo":          {
            "Position":             {
               "Latitude": "25.78008",
               "Longitude": "-80.13179"
            },
            "Address": {"AddressLine": ["944 Collins Ave, Miami Beach"]},
            "Award": [{"Rating": "4"}],
            "ChainCode": "3G",
            "BrandCode": "via_4162678",
            "HotelCode": "via_4162678",
            "HotelName": "Blue Moon Hotel Autograph Collection"
         },
         "Price": [         {
            "AmountAfterTax": 1260.12,
            "CurrencyCode": "USD"
         }],
         "RoomStayRPH": ["5d599623-f7fb-449b-b497-9a85387222c2 718b3d29-c323-4491-baa0-06bc3e4c175e "]
      }]},
      {"RoomStay":       [
                  {
            "RommType":             [
                              {
                  "AdditionalDetail": [                  {
                     "Code": "MEAL-NO-DR",
                     "Type": "Room only RO"
                  }],
                  "RoomType": "-Standard",
                  "RoomID": "ce87ace9-fdaf-41c3-8d20-b4033f20024e",
                  "SizeMeasurement": "-Double"
               },
                              {
                  "Occupancy":                   [
                                          {
                        "MaxOccupancy": "0",
                        "AgeQualifyingCode": "10"
                     },
                                          {
                        "MaxOccupancy": "0",
                        "AgeQualifyingCode": "8",
                        "MaxAge": "11"
                     }
                  ],
                  "IsRoomSpecified": false,
                  "NonSmokingSpecified": false
               }
            ],
            "RatePlans": [{"CancelPenalties": {"CancelPenalty": [{"NonRefundable": false}]}}],
            "RoomRates":             {
               "RoomRate": [               {
                  "Total":                   {
                     "Type": "1-1-1",
                     "AmountAfterTax": 1260.12,
                     "AmountIncludingMarkup": 1260.12,
                     "CurrencyCode": "USD"
                  },
                  "EffectiveDateSpecified": false,
                  "ExpireDateSpecified": false
               }],
               "MoreRatesExistIndSpecified": false
            },
            "GuestCounts": {"GuestCount":             [
                              {
                  "AgeQualifyingCode": "10",
                  "Count": "1"
               },
                              {
                  "AgeQualifyingCode": "8",
                  "Count": "1",
                  "Age": "7"
               }
            ]},
            "BasicPropertyInfo":             {
               "ChainCode": "3G",
               "HotelCode": "via_4162678",
               "HotelName": "Blue Moon Hotel Autograph Collection"
            },
            "MarketCode": "5d599623-f7fb-449b-b497-9a85387222c2"
         },
                  {
            "RommType":             [
                              {
                  "AdditionalDetail": [                  {
                     "Code": "MEAL-NO-DR",
                     "Type": "Room only RO"
                  }],
                  "RoomType": "-Deluxe",
                  "RoomID": "17198f18-cbc2-4c7c-9e7f-4027d4178b5e",
                  "SizeMeasurement": "-Double"
               },
                              {
                  "Occupancy":                   [
                                          {
                        "MaxOccupancy": "0",
                        "AgeQualifyingCode": "10"
                     },
                                          {
                        "MaxOccupancy": "0",
                        "AgeQualifyingCode": "8",
                        "MaxAge": "11"
                     }
                  ],
                  "IsRoomSpecified": false,
                  "NonSmokingSpecified": false
               }
            ],
            "RatePlans": [{"CancelPenalties": {"CancelPenalty": [{"NonRefundable": false}]}}],
            "RoomRates":             {
               "RoomRate": [               {
                  "Total":                   {
                     "Type": "1-1-1",
                     "AmountAfterTax": 1417.14,
                     "AmountIncludingMarkup": 1417.14,
                     "CurrencyCode": "USD"
                  },
                  "EffectiveDateSpecified": false,
                  "ExpireDateSpecified": false
               }],
               "MoreRatesExistIndSpecified": false
            },
            "GuestCounts": {"GuestCount":             [
                              {
                  "AgeQualifyingCode": "10",
                  "Count": "1"
               },
                              {
                  "AgeQualifyingCode": "8",
                  "Count": "1",
                  "Age": "7"
               }
            ]},
            "BasicPropertyInfo":             {
               "ChainCode": "3G",
               "HotelCode": "via_4162678",
               "HotelName": "Blue Moon Hotel Autograph Collection"
            },
            "MarketCode": "718b3d29-c323-4491-baa0-06bc3e4c175e"
         }
      ]},
      {},
      {}
   ],
   "TransactionIdentifier": "279eb114-dc69-47c1-b75f-3f55d463f776",
   "TargetName": "apiNet_291120191657683",
   "Version": 0,
   "SequenceNmbr": null
}