{
   "AvailRequestSegments": {"AvailRequestSegment": [   {
      "HotelSearchCriteria": {"Criterion": [      {
         "RefPoint": [         {
            "CityName": "",
            "Code": "ES",
            "Name": "Language"
         }],
         "AdditionalContents": [         {
            "ContentGroupCode": "19",
            "CodeDetail": "11"
         }],
         "HotelRef": [         {
            "HotelCode": "via_4162678",
            "ArchitecturalStyleCode": "",
            "HotelCityCode": "",
            "HotelCodeContext": "SKA"
         }],
         "RoomStayCandidates": [         {
            "GuestCounts": {"GuestCount":             [
                              {
                  "Count": "1",
                  "AgeQualifyingCode": "10"
               },
                              {
                  "Count": "1",
                  "AgeQualifyingCode": "8",
                  "Age": "7"
               }
            ]},
            "Quantity": "1"
         }]
      }]},
      "InfoSource": "Distribution",
      "StayDateRange":       {
         "Start": "2020-01-02",
         "End": "2020-01-05"
      },
      "Profiles": [{"UniqueID": [{"ID": "CO"}]}]
   }]},
   "POS":    {
      "nationality": "CO",
      "pass": "29550c8d90eea1ee890b5a37f9b37635",
      "service": "avail",
      "user": "netactica_dev",
      "token": "e3ccfe530ac9a280d58b0c73d1d191b0"
   },
   "TransactionIdentifier": "",
   "EchoToken": "apiNet_291120191657683",
   "SequenceNmbr": "True"
}