{
   "RetransmissionIndicatorSpecified": false,
   "TimeStampSpecified": false,
   "PrimaryLangID": "ES",
   "HotelReservations": {"HotelReservation": [   {
      "Services": [{"ServiceDetails": {"Comments": [{}]}}],
      "CreatorID": "99ca9794-dc96-48bb-8dae-15a90c7077fb",
      "RoomStays": [      {
         "BasicPropertyInfo":          {
            "HotelCode": "4082451",
            "ChainCode": "3G",
            "HotelName": "Residence Inn Miami Coconut Grove"
         },
         "GuestCounts": {"GuestCount":          [
                        {
               "Count": "1",
               "AgeQualifyingCode": "10"
            },
                        {
               "Count": "1",
               "AgeQualifyingCode": "8",
               "Age": "7"
            }
         ]},
         "SpecialRequests": {},
         "Comments": [         {
            "LastModifyDateTimeSpecified": false,
            "CreateDateTimeSpecified": false,
            "PurgeDateSpecified": false,
            "Items":             {
               "TextFormatSpecified": false,
               "Value": "Reserva",
               "FormattedSpecified": false
            },
            "ItemsElementName": [2],
            "Observations": "msaidaslkdj",
            "GuestViewableSpecified": false
         }],
         "RatePlans": [         {
            "BookingCode": "api_2911191657689",
            "AdditionalDetails": [{"Amount": "0"}],
            "RatePlanID": "99ca9794-dc96-48bb-8dae-15a90c7077fb",
            "RatePlanType": "MEAL-NO-DR",
            "RatePlanName": "Room only RO",
            "MarketCode": "via_4162678",
            "RatePlanCode": "5"
         }],
         "RoomRates":          {
            "MoreRatesExistIndSpecified": false,
            "RoomRate": [            {
               "Rates": [               {
                  "StayOverDateSpecified": false,
                  "ExpireDateSpecified": false,
                  "RateTimeUnitSpecified": false,
                  "ExpireDateExclusiveIndicatorSpecified": false,
                  "RoomPricingTypeSpecified": false,
                  "Total":                   {
                     "CurrencyCode": "USD",
                     "AmountAfterTax": 1260.12
                  },
                  "GuaranteedIndSpecified": false,
                  "AlternateCurrencyIndSpecified": false,
                  "AgeTimeUnitSpecified": false,
                  "CachedIndicatorSpecified": false,
                  "EffectiveDateSpecified": false
               }],
               "ExpireDateSpecified": true,
               "ExpireDate": "2019/12/02",
               "AvailabilityStatusSpecified": false,
               "ExpireDateExclusiveIndicatorSpecified": false,
               "RatePlanQualifierSpecified": false,
               "EffectiveDateSpecified": true,
               "EffectiveDate": "2019/12/01"
            }]
         },
         "Guarantee": [{"GuaranteesAccepted": [{"Remark": "Obligo"}]}],
         "MarketCode": "1-1-1"
      }],
      "ResGuests":       [
                  {
            "CodeContext": 216.61,
            "Profiles": [{"Profile": {"Customer":             {
               "PersonName": [               {
                  "GivenName": ["Nombre1"],
                  "Surname": "Apellido1"
               }],
               "Email": [{"Value": "Email@email.com"}],
               "Address": [               {
                  "AddressLine": ["Dirección"],
                  "PostalCode": "PC",
                  "CityName": "Ciudad"
               }]
            }}}],
            "ResGuestRPH": "1",
            "GroupEventCode": "2019-11-06",
            "AgeQualifyingCode": "10",
            "Age": "30"
         },
                  {
            "CodeContext": 216.61,
            "Profiles": [{"Profile": {"Customer":             {
               "PersonName": [               {
                  "GivenName": ["Nombre2"],
                  "Surname": "Apellido2"
               }],
               "Email": [{"Value": "Email@email.com"}],
               "Address": [               {
                  "AddressLine": ["Dirección"],
                  "PostalCode": "PC",
                  "CityName": "Ciudad"
               }]
            }}}],
            "ResGuestRPH": "1",
            "GroupEventCode": "2019-11-06",
            "AgeQualifyingCode": "10",
            "Age": "30"
         }
      ]
   }]},
   "Target": 1,
   "TargetSpecified": true,
   "TransactionStatusCode": 5,
   "POS":    {
      "KeyTransaction": "3G",
      "nationality": "CO",
      "pass": "29550c8d90eea1ee890b5a37f9b37635",
      "service": "sell",
      "user": "netactica_dev",
      "token": "e3ccfe530ac9a280d58b0c73d1d191b0"
   },
   "Version": 1,
   "TransactionIdentifier": "085666f2-b378-421a-8b63-9d6474f47296",
   "TransactionStatusCodeSpecified": true,
   "EchoToken": "apiNet_291120191657683",
   "SequenceNmbr": "",
   "ResStatusSpecified": false
}