{
   "POS":    {
      "KeyTransaction": "3G",
      "nationality": "CO",
      "pass": "29550c8d90eea1ee890b5a37f9b37635",
      "service": "cancelpolice",
      "user": "netactica_dev",
      "token": "e3ccfe530ac9a280d58b0c73d1d191b0"
   },
   "TransactionIdentifier": "085666f2-b378-421a-8b63-9d6474f47296",
   "EchoToken": "apiNet_291120191657683",
   "HotelDescriptiveInfos": {"HotelDescriptiveInfo": [   {
      "HotelCode": "via_4162678",
      "ChainCode": "",
      "BrandCode": "99ca9794-dc96-48bb-8dae-15a90c7077fb",
      "ContentInfos":       [
                  {
            "Code": "",
            "Name": "availToken"
         },
                  {
            "Code": "",
            "Name": "Board"
         },
                  {
            "Code": "",
            "Name": "RoomTypecode"
         },
                  {
            "Code": "2019-12-01",
            "Name": "DateFrom"
         },
                  {
            "Code": "2019-12-02",
            "Name": "DateTo"
         },
                  {
            "Code": "1",
            "Name": "RoomCount"
         },
                  {
            "Code": "99ca9794-dc96-48bb-8dae-15a90c7077fb",
            "Name": "characteristic"
         },
                  {
            "Code": "1",
            "Name": "AdultCount"
         },
                  {
            "Code": "0",
            "Name": "ChildCount"
         },
                  {
            "Code": "ENG",
            "Name": "Language"
         },
                  {
            "Code": "99ca9794-dc96-48bb-8dae-15a90c7077fb",
            "Name": "rphCode"
         }
      ],
      "HotelName": "Blue Moon Hotel Autograph Collection",
      "HotelCodeContext": "",
      "HotelCityCode": ""
   }]}
}