{
   "Items":    [
      {},
      {},
            {
         "HotelDescriptiveContent": [         {
            "HotelCode": "via_4162678",
            "HotelName": "Blue Moon Hotel Autograph Collection",
            "HotelCodeContext": "99ca9794-dc96-48bb-8dae-15a90c7077fb",
            "OverwriteSpecified": false,
            "Policies":             {
               "GuaranteeRoomTypeViaGDSSpecified": false,
               "GuaranteeRoomTypeViaCRCSpecified": false,
               "GuaranteeRoomTypeViaPropertySpecified": false,
               "Policy": [               {
                  "CancelPolicy":                   {
                     "CancelPenalty":                      [
                                                {
                           "AmountPercent":                            {
                              "TaxInclusiveSpecified": false,
                              "FeesInclusiveSpecified": false,
                              "BasisType": 2,
                              "BasisTypeSpecified": true,
                              "PercentSpecified": false,
                              "Amount": 420.04,
                              "AmountSpecified": true,
                              "CurrencyCode": "USD",
                              "ApplyAsSpecified": false
                           },
                           "PenaltyDescription":                            [
                                                            {
                                 "Items": [                                 {
                                    "FormattedSpecified": false,
                                    "TextFormatSpecified": false,
                                    "Value": "Hour"
                                 }],
                                 "ItemsElementName": [2],
                                 "Name": "OffsetTimeUnit",
                                 "CreateDateTimeSpecified": false,
                                 "LastModifyDateTimeSpecified": false,
                                 "PurgeDateSpecified": false
                              },
                                                            {
                                 "Items": [                                 {
                                    "FormattedSpecified": false,
                                    "TextFormatSpecified": false,
                                    "Value": "-624"
                                 }],
                                 "ItemsElementName": [2],
                                 "Name": "OffsetUnitMultiplier",
                                 "CreateDateTimeSpecified": false,
                                 "LastModifyDateTimeSpecified": false,
                                 "PurgeDateSpecified": false
                              },
                                                            {
                                 "Items": [                                 {
                                    "FormattedSpecified": false,
                                    "TextFormatSpecified": false,
                                    "Value": "BeforeArrival"
                                 }],
                                 "ItemsElementName": [2],
                                 "Name": "OffsetDropTime",
                                 "CreateDateTimeSpecified": false,
                                 "LastModifyDateTimeSpecified": false,
                                 "PurgeDateSpecified": false
                              }
                           ],
                           "NonRefundableSpecified": false,
                           "MonSpecified": false,
                           "TueSpecified": false,
                           "WedsSpecified": false,
                           "ThurSpecified": false,
                           "FriSpecified": false,
                           "SatSpecified": false,
                           "SunSpecified": false
                        },
                                                {
                           "AmountPercent":                            {
                              "TaxInclusiveSpecified": false,
                              "FeesInclusiveSpecified": false,
                              "BasisType": 2,
                              "BasisTypeSpecified": true,
                              "PercentSpecified": false,
                              "Amount": 1260.12,
                              "AmountSpecified": true,
                              "CurrencyCode": "USD",
                              "ApplyAsSpecified": false
                           },
                           "PenaltyDescription":                            [
                                                            {
                                 "Items": [                                 {
                                    "FormattedSpecified": false,
                                    "TextFormatSpecified": false,
                                    "Value": "Hour"
                                 }],
                                 "ItemsElementName": [2],
                                 "Name": "OffsetTimeUnit",
                                 "CreateDateTimeSpecified": false,
                                 "LastModifyDateTimeSpecified": false,
                                 "PurgeDateSpecified": false
                              },
                                                            {
                                 "Items": [                                 {
                                    "FormattedSpecified": false,
                                    "TextFormatSpecified": false,
                                    "Value": "-744"
                                 }],
                                 "ItemsElementName": [2],
                                 "Name": "OffsetUnitMultiplier",
                                 "CreateDateTimeSpecified": false,
                                 "LastModifyDateTimeSpecified": false,
                                 "PurgeDateSpecified": false
                              },
                                                            {
                                 "Items": [                                 {
                                    "FormattedSpecified": false,
                                    "TextFormatSpecified": false,
                                    "Value": "BeforeArrival"
                                 }],
                                 "ItemsElementName": [2],
                                 "Name": "OffsetDropTime",
                                 "CreateDateTimeSpecified": false,
                                 "LastModifyDateTimeSpecified": false,
                                 "PurgeDateSpecified": false
                              }
                           ],
                           "NonRefundableSpecified": false,
                           "MonSpecified": false,
                           "TueSpecified": false,
                           "WedsSpecified": false,
                           "ThurSpecified": false,
                           "FriSpecified": false,
                           "SatSpecified": false,
                           "SunSpecified": false
                        }
                     ],
                     "CancelPolicyIndicatorSpecified": false
                  },
                  "PolicyInfo":                   {
                     "Description":                      {
                        "Items": [                        {
                           "FormattedSpecified": false,
                           "TextFormatSpecified": false
                        }],
                        "ItemsElementName": [2],
                        "CreateDateTimeSpecified": false,
                        "LastModifyDateTimeSpecified": false,
                        "PurgeDateSpecified": false
                     },
                     "CheckInTime": "2019/12/01",
                     "CheckOutTime": "2019/12/02",
                     "DefaultTaxServiceInclusiveSpecified": false,
                     "KidsStayFreeSpecified": false,
                     "InternetGuaranteeRequiredIndSpecified": false,
                     "AcceptedGuestTypeSpecified": false,
                     "RoomGuaranteeLateArrvIndSpecified": false
                  },
                  "FeePolicies": [                  {
                     "Description": [                     {
                        "Items": [                        {
                           "FormattedSpecified": false,
                           "TextFormatSpecified": false,
                           "Value": "\n                          For hotel chains such as Marriott & IHG : Rates in bookings are maximum for 2 pax per guest room as well as for breakfast included rates.\n If more guests join the same booking, additional fees must be paid to the hotel upon arrival.-Modifications or changes, you must cancel it and create a new booking.\n -The cancellation policies are accepted 100% by the client.\n Bookings with No Show or early check-out will be charged completely.\n Late arrivals must be reported to the hotel/supplier to avoid the cancellation or No Show. \n -Additional expenses, such as resort fees, city tax, etc. must be paid at the hotel. \n Hotels will request a credit card or a deposit to cover any incidental. \n \n\n                          Hotel charges. Additional hotel services, compulsory resort fees, incidentals or city taxes must be paid to the hotel directly.\n The hotel management has a right to request credit card details or deposit upon check-in to cover and guarantee any incidental costs that may be incurred during your stay.\n                        "
                        }],
                        "ItemsElementName": [2],
                        "CreateDateTimeSpecified": false,
                        "LastModifyDateTimeSpecified": false,
                        "PurgeDateSpecified": false
                     }],
                     "TaxInclusiveSpecified": false,
                     "TypeSpecified": false,
                     "PercentSpecified": false,
                     "AmountSpecified": false,
                     "EffectiveDateSpecified": false,
                     "ExpireDateSpecified": false,
                     "ExpireDateExclusiveIndicatorSpecified": false,
                     "MandatoryIndicatorSpecified": false,
                     "TaxableIndicatorSpecified": false
                  }],
                  "RemovalSpecified": false,
                  "LastUpdatedSpecified": false,
                  "MonSpecified": false,
                  "TueSpecified": false,
                  "WedsSpecified": false,
                  "ThurSpecified": false,
                  "FriSpecified": false,
                  "SatSpecified": false,
                  "SunSpecified": false
               }]
            },
            "RoomBlocks":             {
               "AvailableIndSpecified": false,
               "RateType": "Room only RO",
               "RoomType": "Standard Standard-Standard"
            },
            "UnitOfMeasureQuantitySpecified": false
         }],
         "OverwriteSpecified": false
      }
   ],
   "TimeStampSpecified": false,
   "Target": 1,
   "TargetSpecified": true,
   "TargetName": "apiNet_291120191657683",
   "Version": 2,
   "TransactionIdentifier": "085666f2-b378-421a-8b63-9d6474f47296",
   "SequenceNmbr": "1",
   "TransactionStatusCodeSpecified": false,
   "PrimaryLangID": "en",
   "AltLangID": "en",
   "RetransmissionIndicatorSpecified": false
}