{
   "Items":    [
      {},
      {},
      {"HotelStay": [      {
         "BasicPropertyInfo":          {
            "ChainCode": "3G",
            "HotelCode": "via_4162678"
         },
         "Price": [         {
            "AmountAfterTax": 0,
            "AmountAfterTaxSpecified": true
         }],
         "RoomStayRPH":          [
            "99ca9794-dc96-48bb-8dae-15a90c7077fb",
            ""
         ],
         "show": true
      }]},
      {"RoomStay": [      {
         "IsAlternate": false,
         "IsAlternateSpecified": true,
         "AvailabilityStatusSpecified": false,
         "ResponseTypeSpecified": false,
         "RPH": "99ca9794-dc96-48bb-8dae-15a90c7077fb",
         "AvailableIndicator": true,
         "AvailableIndicatorSpecified": true,
         "RoomTypes": [         {
            "AdditionalDetails": [            {
               "Type": "Room only RO",
               "Code": "MEAL-NO-DR",
               "AmountSpecified": false
            }],
            "Occupancy":             [
                              {
                  "MaxOccupancy": "0",
                  "AgeQualifyingCode": "10",
                  "AgeTimeUnitSpecified": false
               },
                              {
                  "MaxOccupancy": "0",
                  "AgeQualifyingCode": "8",
                  "MaxAge": "11",
                  "AgeTimeUnitSpecified": false
               }
            ],
            "IsRoomSpecified": false,
            "IsConvertedSpecified": false,
            "IsAlternateSpecified": false,
            "RoomType": "Standard Standard-Standard",
            "RoomID": "a25978d4-0875-4ac3-a73e-3c711b684599",
            "NonSmokingSpecified": false,
            "SizeMeasurement": "Standard Dbl-Double",
            "CompositeSpecified": false,
            "RoomGenderSpecified": false,
            "SharedRoomIndSpecified": false
         }],
         "RatePlans": [         {
            "CancelPenalties":             {
               "CancelPenalty": [               {
                  "NonRefundable": false,
                  "NonRefundableSpecified": true,
                  "MonSpecified": false,
                  "TueSpecified": false,
                  "WedsSpecified": false,
                  "ThurSpecified": false,
                  "FriSpecified": false,
                  "SatSpecified": false,
                  "SunSpecified": false
               }],
               "CancelPolicyIndicatorSpecified": false
            },
            "AdditionalDetails": [],
            "EffectiveDateSpecified": false,
            "ExpireDateSpecified": false,
            "ExpireDateExclusiveIndicatorSpecified": false,
            "RateIndicatorSpecified": false,
            "AvailabilityStatusSpecified": false,
            "ID_RequiredIndSpecified": false,
            "PriceViewableIndSpecified": false,
            "PrepaidIndicatorSpecified": false
         }],
         "RoomRates":          {
            "RoomRate": [            {
               "Total":                {
                  "AmountAfterTax": 1260.12,
                  "AmountAfterTaxSpecified": true,
                  "CurrencyCode": "USD",
                  "DecimalPlaces": "0",
                  "AdditionalFeesExcludedIndicatorSpecified": false,
                  "Type": "1-1-1",
                  "ServiceOverrideIndicatorSpecified": false,
                  "RateOverrideIndicatorSpecified": false,
                  "AmountIncludingMarkup": 1260.12,
                  "AmountIncludingMarkupSpecified": true
               },
               "EffectiveDateSpecified": false,
               "ExpireDateSpecified": false,
               "ExpireDateExclusiveIndicatorSpecified": false,
               "RatePlanQualifierSpecified": false,
               "AvailabilityStatusSpecified": false
            }],
            "MoreRatesExistIndSpecified": false
         },
         "GuestCounts":          {
            "GuestCount":             [
                              {
                  "AgeQualifyingCode": "10",
                  "Count": "1"
               },
                              {
                  "AgeQualifyingCode": "8",
                  "Age": "7",
                  "Count": "1"
               }
            ],
            "IsPerRoomSpecified": false
         },
         "BasicPropertyInfo":          {
            "ChainCode": "3G",
            "HotelCode": "via_4162678"
         },
         "MarketCode": "99ca9794-dc96-48bb-8dae-15a90c7077fb"
      }]}
   ],
   "TimeStampSpecified": false,
   "TargetSpecified": false,
   "TargetName": "apiNet_291120191657683",
   "Version": 1.003,
   "TransactionIdentifier": "085666f2-b378-421a-8b63-9d6474f47296",
   "TransactionStatusCodeSpecified": false,
   "RetransmissionIndicatorSpecified": false,
   "CorrelationID": "99ca9794-dc96-48bb-8dae-15a90c7077fb",
   "SearchCacheLevelSpecified": false
}