{
   "AvailRequestSegments": {"AvailRequestSegment": [   {
      "HotelSearchCriteria":       {
         "Criterion": [         {
            "AdditionalContents": [            {
               "ContentGroupCode": "19",
               "CodeDetail": "11"
            }],
            "HotelRef": [            {
               "HotelCode": "via_4162678",
               "BrandCode": "via_4162678",
               "HotelName": "Blue Moon Hotel Autograph Collection",
               "HotelCityCode": "",
               "HotelCodeContext": "3G"
            }],
            "RatePlanCandidates": {"RatePlanCandidate": [{}]},
            "RoomStayCandidates": [            {
               "GuestCounts": {"GuestCount":                [
                                    {
                     "Count": "1",
                     "AgeQualifyingCode": "10"
                  },
                                    {
                     "Count": "1",
                     "AgeQualifyingCode": "8",
                     "Age": "7"
                  }
               ]},
               "Quantity": "1"
            }],
            "MoreDataEchoToken": "99ca9794-dc96-48bb-8dae-15a90c7077fb"
         }],
         "AvailableOnlyIndicator": true,
         "AvailableOnlyIndicatorSpecified": true
      },
      "InfoSource": "Distribution",
      "StayDateRange":       {
         "Start": "2019-12-01",
         "End": "2019-12-02"
      }
   }]},
   "POS":    {
      "KeyTransaction": "3G",
      "nationality": "CO",
      "pass": "29550c8d90eea1ee890b5a37f9b37635",
      "service": "pricing",
      "user": "netactica_dev",
      "token": "e3ccfe530ac9a280d58b0c73d1d191b0"
   },
   "HotelReservationIDs": [{"ResID_Source": ""}],
   "TransactionIdentifier": "085666f2-b378-421a-8b63-9d6474f47296",
   "EchoToken": "apiNet_291120191657683"
}