{
   "AvailRequestSegments": {"AvailRequestSegment": [   {
      "HotelSearchCriteria": {"Criterion": [      {
         "RefPoint": [         {
            "CityName": "Miami",
            "Code": "ES",
            "Name": "Language"
         }],
         "AdditionalContents": [         {
            "ContentGroupCode": "19",
            "CodeDetail": "11"
         }],
         "HotelRef": [         {
            "HotelCityCode": "568762",
            "HotelCodeContext": "1A"
         }],
         "RoomStayCandidates": [         {
            "GuestCounts": {"GuestCount": [            {
               "Count": "2",
               "AgeQualifyingCode": "10"
            }]},
            "Quantity": "1"
         }]
      }]},
      "InfoSource": "Distribution",
      "StayDateRange":       {
         "Start": "2019-12-31",
         "End": "2020-01-05"
      },
      "RateRange":       {
         "MaxRate": "0",
         "FixedRate": "20"
      },
      "Profiles": [{"UniqueID": [{"ID": "CO"}]}]
   }]},
   "POS":    {
      "KeyTransaction": "3G",
      "nationality": "CO",
      "pass": "29550c8d90eea1ee890b5a37f9b37635",
      "service": "avail",
      "user": "netactica_dev",
      "token": "e3ccfe530ac9a280d58b0c73d1d191b0"
   },
   "TransactionIdentifier": "",
   "EchoToken": "api_291120191558117",
   "SequenceNmbr": "False"
}