{
   "Items":    [
      {},
      {"Error": []},
      {"HotelStay":       [
                  {
            "BasicPropertyInfo":             {
               "Position":                {
                  "Latitude": "21.14819",
                  "Longitude": "-86.79269"
               },
               "Address": {"AddressLine": ["Boulevard Kukulcan K.M. 3.5, Cancun"]},
               "Award": [{"Rating": "5"}],
               "ChainCode": "3G",
               "BrandCode": "via_4164454",
               "HotelCode": "via_4164454",
               "HotelName": "Temptation Cancun Resort All Inclusive Adults Only"
            },
            "Price": [            {
               "AmountAfterTax": 3329.58,
               "CurrencyCode": "USD"
            }],
            "RoomStayRPH": ["4164454"]
         },
                  {
            "BasicPropertyInfo":             {
               "Position":                {
                  "Latitude": "21.074878692627",
                  "Longitude": "-86.7764129638672"
               },
               "Address": {"AddressLine": ["Boulevard Kukulkan Lote 48 Km 16.5, Cancun"]},
               "Award": [{"Rating": "5"}],
               "ChainCode": "3G",
               "BrandCode": "via_4164466",
               "HotelCode": "via_4164466",
               "HotelName": "Omni Cancun Hotel & Villas All Inclusive"
            },
            "Price": [            {
               "AmountAfterTax": 2032.83,
               "CurrencyCode": "USD"
            }],
            "RoomStayRPH": ["4164466"]
         },
                  {
            "BasicPropertyInfo":             {
               "Position":                {
                  "Latitude": "21.08168",
                  "Longitude": "-86.77559"
               },
               "Address": {"AddressLine": ["Blvd. Kukulkan Km 16.5, cancun"]},
               "Award": [{"Rating": "4"}],
               "ChainCode": "3G",
               "BrandCode": "via_4164467",
               "HotelCode": "via_4164467",
               "HotelName": "Fiesta Americana Condesa Cancun All Inclusive"
            },
            "Price": [            {
               "AmountAfterTax": 2301.04,
               "CurrencyCode": "USD"
            }],
            "RoomStayRPH": ["4164467"]
         },
                  {
            "BasicPropertyInfo":             {
               "Position":                {
                  "Latitude": "21.1208801269531",
                  "Longitude": "-86.755989074707"
               },
               "Address": {"AddressLine": ["Boulevard Kukulkan Km. 11.5, Cancun"]},
               "Award": [{"Rating": "4"}],
               "ChainCode": "3G",
               "BrandCode": "via_4164472",
               "HotelCode": "via_4164472",
               "HotelName": "Gran Caribe Resort All Inclusive Rebranded as PANAMA JACK"
            },
            "Price": [            {
               "AmountAfterTax": 5936.96,
               "CurrencyCode": "USD"
            }],
            "RoomStayRPH": ["4164472"]
         },
                  {
            "BasicPropertyInfo":             {
               "Position":                {
                  "Latitude": "21.11423",
                  "Longitude": "-86.7597"
               },
               "Address": {"AddressLine": ["Blvd Kukulcan Km 11.5, cancun"]},
               "Award": [{"Rating": "4"}],
               "ChainCode": "3G",
               "BrandCode": "via_4164479",
               "HotelCode": "via_4164479",
               "HotelName": "Beach Palace Resort All Inclusive"
            },
            "Price": [            {
               "AmountAfterTax": 3117.08,
               "CurrencyCode": "USD"
            }],
            "RoomStayRPH": ["4164479"]
         },
                  {
            "BasicPropertyInfo":             {
               "Position":                {
                  "Latitude": "21.13815",
                  "Longitude": "-86.75044"
               },
               "Address": {"AddressLine": ["Blvd. Kukulcan, Km 8.5, Cancun"]},
               "Award": [{"Rating": "4"}],
               "ChainCode": "3G",
               "BrandCode": "via_4164513",
               "HotelCode": "via_4164513",
               "HotelName": "Riu Palace Las Americas All Inclusive Adults Only"
            },
            "Price": [            {
               "AmountAfterTax": 2200.9,
               "CurrencyCode": "USD"
            }],
            "RoomStayRPH": ["4164513"]
         },
                  {
            "BasicPropertyInfo":             {
               "Position":                {
                  "Latitude": "21.09171",
                  "Longitude": "-86.76984"
               },
               "Address": {"AddressLine": ["Km 14 Mz 53 Lote 37-1 Zh, cancun"]},
               "Award": [{"Rating": "4"}],
               "ChainCode": "3G",
               "BrandCode": "via_4164524",
               "HotelCode": "via_4164524",
               "HotelName": "Sandos Cancun Lifestyle Resort All Inclusive"
            },
            "Price": [            {
               "AmountAfterTax": 2000.5,
               "CurrencyCode": "USD"
            }],
            "RoomStayRPH": ["4164524"]
         },
                  {
            "BasicPropertyInfo":             {
               "Position":                {
                  "Latitude": "21.1415596008301",
                  "Longitude": "-86.7742691040039"
               },
               "Address": {"AddressLine": ["Blvd. Kukulcan Km 5.8, Cancun"]},
               "Award": [{"Rating": "4"}],
               "ChainCode": "3G",
               "BrandCode": "via_4164578",
               "HotelCode": "via_4164578",
               "HotelName": "Sunset Marina & Yacht Club All Inclusive"
            },
            "Price": [            {
               "AmountAfterTax": 1863.59,
               "CurrencyCode": "USD"
            }],
            "RoomStayRPH": ["4164578"]
         },
                  {
            "BasicPropertyInfo":             {
               "Position":                {
                  "Latitude": "21.146303176879883",
                  "Longitude": "-86.790618896484375"
               },
               "Address": {"AddressLine": ["Kukulcan Km 4.5, Cancun"]},
               "Award": [{"Rating": "3"}],
               "ChainCode": "3G",
               "BrandCode": "via_4315458",
               "HotelCode": "via_4315458",
               "HotelName": "Aquamarina Beach Hotel"
            },
            "Price": [            {
               "AmountAfterTax": 1141.68,
               "CurrencyCode": "USD"
            }],
            "RoomStayRPH": ["4315458"]
         },
                  {
            "BasicPropertyInfo":             {
               "Position":                {
                  "Latitude": "21.091899871826",
                  "Longitude": "-86.768699645996"
               },
               "Address": {"AddressLine": ["Boulevard Kukulcan Km14.5 Zona Hotelera, Cancun"]},
               "Award": [{"Rating": "3"}],
               "ChainCode": "3G",
               "BrandCode": "via_4315685",
               "HotelCode": "via_4315685",
               "HotelName": "Golden Parnassus Resort & Spa All Inclusive"
            },
            "Price": [            {
               "AmountAfterTax": 148.37,
               "CurrencyCode": "USD"
            }],
            "RoomStayRPH": ["4315685"]
         },
                  {
            "BasicPropertyInfo":             {
               "Position":                {
                  "Latitude": "21.1077823638916",
                  "Longitude": "-86.7631607055664"
               },
               "Address": {"AddressLine": ["Boulevard Kukulcan12.5 Km, Cancun"]},
               "Award": [{"Rating": "5"}],
               "ChainCode": "3G",
               "BrandCode": "via_4316331",
               "HotelCode": "via_4316331",
               "HotelName": "Live Aqua Beach Resort Cancun"
            },
            "Price": [            {
               "AmountAfterTax": 3287.74,
               "CurrencyCode": "USD"
            }],
            "RoomStayRPH": ["4316331"]
         },
                  {
            "BasicPropertyInfo":             {
               "Position":                {
                  "Latitude": "21.13498",
                  "Longitude": "-86.74475"
               },
               "Address": {"AddressLine": ["Blvd. Kukulcan Km. 9.5, cancun"]},
               "Award": [{"Rating": "5"}],
               "ChainCode": "3G",
               "BrandCode": "via_4325361",
               "HotelCode": "via_4325361",
               "HotelName": "Grand Fiesta Americana Coral Beach Cancun"
            },
            "Price": [            {
               "AmountAfterTax": 3374.94,
               "CurrencyCode": "USD"
            }],
            "RoomStayRPH": ["4325361"]
         },
                  {
            "BasicPropertyInfo":             {
               "Position":                {
                  "Latitude": "21.14222",
                  "Longitude": "-86.77505"
               },
               "Address": {"AddressLine": ["Blvd. Kukulcan, Km 5.5, Lote 6-C, Cancun"]},
               "Award": [{"Rating": "3"}],
               "ChainCode": "3G",
               "BrandCode": "via_4325367",
               "HotelCode": "via_4325367",
               "HotelName": "Riu Caribe All Inclusive"
            },
            "Price": [            {
               "AmountAfterTax": 1660.57,
               "CurrencyCode": "USD"
            }],
            "RoomStayRPH": ["4325367"]
         },
                  {
            "BasicPropertyInfo":             {
               "Position":                {
                  "Latitude": "21.14218",
                  "Longitude": "-86.77499"
               },
               "Address": {"AddressLine": ["Blvd Kukulkan, Km 5.5 Lote 6-C, cancun"]},
               "Award": [{"Rating": "4"}],
               "ChainCode": "3G",
               "BrandCode": "via_4325368",
               "HotelCode": "via_4325368",
               "HotelName": "Riu Palace Peninsula All Inclusive"
            },
            "Price": [            {
               "AmountAfterTax": 2304.18,
               "CurrencyCode": "USD"
            }],
            "RoomStayRPH": ["4325368"]
         },
                  {
            "BasicPropertyInfo":             {
               "Position":                {
                  "Latitude": "21.174293",
                  "Longitude": "-86.822199"
               },
               "Address": {"AddressLine": ["Calle 17 Sm. 64 Mza. 23 Lotes 9 Al 14, Cancun"]},
               "Award": [{"Rating": "3"}],
               "ChainCode": "3G",
               "BrandCode": "via_4459518",
               "HotelCode": "via_4459518",
               "HotelName": "Hotel Hacienda de Castilla"
            },
            "Price": [            {
               "AmountAfterTax": 176.97,
               "CurrencyCode": "USD"
            }],
            "RoomStayRPH": ["4459518"]
         },
                  {
            "BasicPropertyInfo":             {
               "Position":                {
                  "Latitude": "21.0867",
                  "Longitude": "-86.772"
               },
               "Address": {"AddressLine": ["Boulevard Kukulcan, Retorno Chac L-41, Cancun"]},
               "Award": [{"Rating": "4"}],
               "ChainCode": "3G",
               "BrandCode": "via_4465647",
               "HotelCode": "via_4465647",
               "HotelName": "Marriott Cancun Resort"
            },
            "Price": [            {
               "AmountAfterTax": 1982.09,
               "CurrencyCode": "USD"
            }],
            "RoomStayRPH": ["4465647"]
         },
                  {
            "BasicPropertyInfo":             {
               "Position":                {
                  "Latitude": "21.1350860595703",
                  "Longitude": "-86.7461547851563"
               },
               "Address": {"AddressLine": ["Boulevard Kukulkan Mz 48 Lt 8-01 Km 9 Zona Hotelera, Cancun"]},
               "Award": [{"Rating": "4"}],
               "ChainCode": "3G",
               "BrandCode": "via_4480626",
               "HotelCode": "via_4480626",
               "HotelName": "Aloft Cancun"
            },
            "Price": [            {
               "AmountAfterTax": 1126.32,
               "CurrencyCode": "USD"
            }],
            "RoomStayRPH": ["4480626"]
         },
                  {
            "BasicPropertyInfo":             {
               "Position":                {
                  "Latitude": "21.15526",
                  "Longitude": "-86.79965"
               },
               "Address": {"AddressLine": ["Blvd Kukulkan Km 2.5, cancun"]},
               "Award": [{"Rating": "3"}],
               "ChainCode": "3G",
               "BrandCode": "via_4639030",
               "HotelCode": "via_4639030",
               "HotelName": "Holiday Inn Cancun Arenas"
            },
            "Price": [            {
               "AmountAfterTax": 1469.64,
               "CurrencyCode": "USD"
            }],
            "RoomStayRPH": ["4639030"]
         },
                  {
            "BasicPropertyInfo":             {
               "Position":                {
                  "Latitude": "21.09019292",
                  "Longitude": "-86.76939479"
               },
               "Address": {"AddressLine": ["Blvd. Kukulcan Km. 14.5 Retorno Del Rey, Cancun"]},
               "Award": [{"Rating": "5"}],
               "ChainCode": "3G",
               "BrandCode": "via_4656490",
               "HotelCode": "via_4656490",
               "HotelName": "Secrets The Vine Cancun All Inclusive Adults Only"
            },
            "Price": [            {
               "AmountAfterTax": 2651.54,
               "CurrencyCode": "USD"
            }],
            "RoomStayRPH": ["4656490"]
         },
                  {
            "BasicPropertyInfo":             {
               "Position":                {
                  "Latitude": "21.13487",
                  "Longitude": "-86.75426"
               },
               "Address": {"AddressLine": ["Boulevard Kukulkan Km 7.5, Cancun"]},
               "Award": [{"Rating": "4"}],
               "ChainCode": "3G",
               "BrandCode": "via_5261440",
               "HotelCode": "via_5261440",
               "HotelName": "InterContinental Presidente Cancun Resort"
            },
            "Price": [            {
               "AmountAfterTax": 2426.06,
               "CurrencyCode": "USD"
            }],
            "RoomStayRPH": ["5261440"]
         },
                  {
            "BasicPropertyInfo":             {
               "Position":                {
                  "Latitude": "21.13756561",
                  "Longitude": "-86.75213623"
               },
               "Address": {"AddressLine": ["Km 8.5 Kukulcan Blvd Hotel Zone, Cancun"]},
               "Award": [{"Rating": "4"}],
               "ChainCode": "3G",
               "BrandCode": "via_5654175",
               "HotelCode": "via_5654175",
               "HotelName": "Dreams Sands Cancun Resort & Spa All Inclusive"
            },
            "Price": [            {
               "AmountAfterTax": 1853.1,
               "CurrencyCode": "USD"
            }],
            "RoomStayRPH": ["5654175"]
         },
                  {
            "BasicPropertyInfo":             {
               "Position":                {
                  "Latitude": "21.13464355",
                  "Longitude": "-86.74330139"
               },
               "Address": {"AddressLine": ["Boulevard Kukulkan Km 8.5, Cancun"]},
               "Award": [{"Rating": "5"}],
               "ChainCode": "3G",
               "BrandCode": "via_5784158",
               "HotelCode": "via_5784158",
               "HotelName": "Reflect Cancun Resort & Spa All Inclusive"
            },
            "Price": [            {
               "AmountAfterTax": 147.91,
               "CurrencyCode": "USD"
            }],
            "RoomStayRPH": ["5784158"]
         },
                  {
            "BasicPropertyInfo":             {
               "Position":                {
                  "Latitude": "21.1191883087158",
                  "Longitude": "-86.7568054199219"
               },
               "Address": {"AddressLine": ["Blvd Kukulkan Km. 11.5 Zona Hotelera, cancun"]},
               "Award": [{"Rating": "5"}],
               "ChainCode": "3G",
               "BrandCode": "via_5959043",
               "HotelCode": "via_5959043",
               "HotelName": "Hyatt Zilara Cancun All Inclusive Adults Only"
            },
            "Price": [            {
               "AmountAfterTax": 5443.68,
               "CurrencyCode": "USD"
            }],
            "RoomStayRPH": ["5959043"]
         },
                  {
            "BasicPropertyInfo":             {
               "Position":                {
                  "Latitude": "21.1503734588623",
                  "Longitude": "-86.8200302124023"
               },
               "Address": {"AddressLine": ["Av. Sayil Mz. 1 Lote 4 07, Cancun"]},
               "Award": [{"Rating": "3"}],
               "ChainCode": "3G",
               "BrandCode": "via_6002490",
               "HotelCode": "via_6002490",
               "HotelName": "Krystal Urban Cancun Centro"
            },
            "Price": [            {
               "AmountAfterTax": 506.17,
               "CurrencyCode": "USD"
            }],
            "RoomStayRPH": ["6002490"]
         },
                  {
            "BasicPropertyInfo":             {
               "Position":                {
                  "Latitude": "21.13668823",
                  "Longitude": "-86.82722473"
               },
               "Address": {"AddressLine": ["Avenida Tulum Mz1 Lote 2 Sm 12, Cancun"]},
               "Award": [{"Rating": "4"}],
               "ChainCode": "3G",
               "BrandCode": "via_6011819",
               "HotelCode": "via_6011819",
               "HotelName": "Four Points by Sheraton Cancun Centro"
            },
            "Price": [            {
               "AmountAfterTax": 586.54,
               "CurrencyCode": "USD"
            }],
            "RoomStayRPH": ["6011819"]
         },
                  {
            "BasicPropertyInfo":             {
               "Position":                {
                  "Latitude": "21.13566",
                  "Longitude": "-86.74265"
               },
               "Address": {"AddressLine": ["Blvd. Kukulcan Manzana 51 Lote 7, Cancun"]},
               "Award": [{"Rating": "4"}],
               "ChainCode": "3G",
               "BrandCode": "via_6107908",
               "HotelCode": "via_6107908",
               "HotelName": "Hyatt Ziva Cancun All Inclusive"
            },
            "Price": [            {
               "AmountAfterTax": 4833.35,
               "CurrencyCode": "USD"
            }],
            "RoomStayRPH": ["6107908"]
         },
                  {
            "BasicPropertyInfo":             {
               "Position":                {
                  "Latitude": "21.1330966949463",
                  "Longitude": "-86.757453918457"
               },
               "Address": {"AddressLine": ["Calle Quetzal Km 7 Zona Hotelera 11, Cancun"]},
               "Award": [{"Rating": "3"}],
               "ChainCode": "3G",
               "BrandCode": "via_6253278",
               "HotelCode": "via_6253278",
               "HotelName": "Hotel Imperial Laguna Faranda cancun"
            },
            "Price": [            {
               "AmountAfterTax": 371.49,
               "CurrencyCode": "USD"
            }],
            "RoomStayRPH": ["6253278"]
         },
                  {
            "BasicPropertyInfo":             {
               "Position":                {
                  "Latitude": "21.13597",
                  "Longitude": "-86.74187"
               },
               "Address": {"AddressLine": ["Blvd. Kukulcan Manzana 51 Lote. 7, Cancun"]},
               "Award": [{"Rating": "5"}],
               "ChainCode": "3G",
               "BrandCode": "via_6719247",
               "HotelCode": "via_6719247",
               "HotelName": "Turquoize at Hyatt Ziva Cancun Adults Only All Inclusive"
            },
            "Price": [            {
               "AmountAfterTax": 6114.93,
               "CurrencyCode": "USD"
            }],
            "RoomStayRPH": ["6719247"]
         },
                  {
            "BasicPropertyInfo":             {
               "Position":                {
                  "Latitude": "21.11447334",
                  "Longitude": "-86.75921631"
               },
               "Address": {"AddressLine": ["Avenida Kukulcan Km 11.5, Cancun"]},
               "Award": [{"Rating": "4"}],
               "ChainCode": "3G",
               "BrandCode": "via_6751531",
               "HotelCode": "via_6751531",
               "HotelName": "Hotel NYX Cancun"
            },
            "Price": [            {
               "AmountAfterTax": 2282.04,
               "CurrencyCode": "USD"
            }],
            "RoomStayRPH": ["6751531"]
         },
                  {
            "BasicPropertyInfo":             {
               "Position":                {
                  "Latitude": "21.13456916809082",
                  "Longitude": "-86.745246887207031"
               },
               "Address": {"AddressLine": ["Paseo Kukulcan Km 9 Lotes 9 Y 9 A, Cancun"]},
               "Award": [{"Rating": "4"}],
               "ChainCode": "3G",
               "BrandCode": "via_6945231",
               "HotelCode": "via_6945231",
               "HotelName": "Krystal Cancun"
            },
            "Price": [            {
               "AmountAfterTax": 947.63,
               "CurrencyCode": "USD"
            }],
            "RoomStayRPH": ["6945231"]
         },
                  {
            "BasicPropertyInfo":             {
               "Position":                {
                  "Latitude": "21.16166",
                  "Longitude": "-86.82922"
               },
               "Address": {"AddressLine": ["Av. Yaxchilan No. 31, Centro, Cancun"]},
               "Award": [{"Rating": "3"}],
               "ChainCode": "3G",
               "BrandCode": "via_7198314",
               "HotelCode": "via_7198314",
               "HotelName": "Hotel Xbalamque and Spa"
            },
            "Price": [            {
               "AmountAfterTax": 494.03,
               "CurrencyCode": "USD"
            }],
            "RoomStayRPH": ["7198314"]
         },
                  {
            "BasicPropertyInfo":             {
               "Position":                {
                  "Latitude": "21.24456128",
                  "Longitude": "-86.80619154"
               },
               "Address": {"AddressLine": ["Vialidad Paseo Mujeres Zona Continental S N, Cancun"]},
               "Award": [{"Rating": "5"}],
               "ChainCode": "3G",
               "BrandCode": "via_8264523",
               "HotelCode": "via_8264523",
               "HotelName": "Finest Playa Mujeres by Excellence Group"
            },
            "Price": [            {
               "AmountAfterTax": 4635.27,
               "CurrencyCode": "USD"
            }],
            "RoomStayRPH": ["8264523"]
         },
                  {
            "BasicPropertyInfo":             {
               "Position":                {
                  "Latitude": "21.14555",
                  "Longitude": "-86.78911"
               },
               "Address": {"AddressLine": ["Blvd. Kukulcan Km 4.5, Cancun"]},
               "Award": [{"Rating": "3"}],
               "ChainCode": "3G",
               "BrandCode": "via_8308628",
               "HotelCode": "via_8308628",
               "HotelName": "Occidental Costa Cancún All Inclusive"
            },
            "Price": [            {
               "AmountAfterTax": 146.18,
               "CurrencyCode": "USD"
            }],
            "RoomStayRPH": ["8308628"]
         },
                  {
            "BasicPropertyInfo":             {
               "Position":                {
                  "Latitude": "21.101339",
                  "Longitude": "-86.764805"
               },
               "Address": {"AddressLine": ["Blvd. Kukulkan Km. 13.5 Lote 24, Cancun"]},
               "Award": [{"Rating": "4"}],
               "ChainCode": "3G",
               "BrandCode": "via_8310806",
               "HotelCode": "via_8310806",
               "HotelName": "Occidental Tucancun"
            },
            "Price": [            {
               "AmountAfterTax": 146.18,
               "CurrencyCode": "USD"
            }],
            "RoomStayRPH": ["8310806"]
         }
      ]},
      {},
      {},
      {}
   ],
   "TransactionIdentifier": "c419def7-6a78-45f9-8495-73e3f7e2389b",
   "TargetName": "api_291120191558117",
   "Version": 0,
   "SequenceNmbr": null
}