{
   "Items":    [
      [],
      [],
      {"HotelReservation": [      {
         "UniqueID": [         {
            "ID": "BKHAPIDEV386",
            "Type": "6"
         }],
         "RoomStays": [         {
            "RoomTypes": [            {
               "IsRoomSpecified": false,
               "IsConvertedSpecified": false,
               "IsAlternateSpecified": false,
               "RoomType": "Standard",
               "RoomID": "6f061dac-558e-46e0-80d2-12b01cd90194",
               "NonSmokingSpecified": false,
               "SizeMeasurement": "Double",
               "CompositeSpecified": false,
               "RoomGenderSpecified": false,
               "SharedRoomIndSpecified": false
            }],
            "RoomRates":             {
               "RoomRate": [               {
                  "EffectiveDateSpecified": false,
                  "ExpireDateSpecified": false,
                  "ExpireDateExclusiveIndicatorSpecified": false,
                  "RatePlanQualifierSpecified": false,
                  "AvailabilityStatusSpecified": false
               }],
               "MoreRatesExistIndSpecified": false
            },
            "GuestCounts":             {
               "GuestCount": [               {
                  "AgeQualifyingCode": "10",
                  "Count": "2"
               }],
               "IsPerRoomSpecified": false
            },
            "Guarantee": [            {
               "GuaranteesAccepted": [               {
                  "DefaultSpecified": false,
                  "NoCardHolderInfoReqIndSpecified": false,
                  "NameReqIndSpecified": false,
                  "AddressReqIndSpecified": false,
                  "PhoneReqIndSpecified": false,
                  "InterbankNbrReqIndSpecified": false,
                  "BookingSourceAllowedIndSpecified": false,
                  "CorpDiscountNbrAllowedIndSpecified": false,
                  "ShareSynchIndSpecified": false,
                  "ShareMarketIndSpecified": false,
                  "PaymentTransactionTypeCodeSpecified": false,
                  "GuaranteeIndicatorSpecified": false,
                  "Remark": "Obligo"
               }],
               "RetributionTypeSpecified": false,
               "GuaranteeType1Specified": false,
               "HoldTimeSpecified": false
            }],
            "BasicPropertyInfo":             {
               "ChainCode": "3G",
               "HotelCode": "via_4162678"
            },
            "MarketCode": "ccc7c79f-d513-4b0f-9e0e-38d83a291a89"
         }],
         "ResGuests":          [
                        {
               "Profiles": [{"Profile":                {
                  "Customer":                   {
                     "PersonName": [                     {
                        "GivenName": ["Nombre1"],
                        "Surname": "Apellido1",
                        "ShareSynchIndSpecified": false,
                        "ShareMarketIndSpecified": false
                     }],
                     "Email": [                     {
                        "TransferActionSpecified": false,
                        "ShareSynchIndSpecified": false,
                        "ShareMarketIndSpecified": false,
                        "DefaultIndSpecified": false,
                        "Value": "support@shekinapi.com"
                     }],
                     "Address": [                     {
                        "EffectiveDateSpecified": false,
                        "ExpireDateSpecified": false,
                        "ExpireDateExclusiveIndicatorSpecified": false,
                        "ValidationStatusSpecified": false,
                        "TransferActionSpecified": false,
                        "DefaultIndSpecified": false,
                        "AddressLine": ["Dirección"],
                        "CityName": "Ciudad",
                        "PostalCode": "PC",
                        "FormattedIndSpecified": false,
                        "ShareSynchIndSpecified": false,
                        "ShareMarketIndSpecified": false
                     }],
                     "GenderSpecified": false,
                     "DeceasedSpecified": false,
                     "BirthDateSpecified": false,
                     "VIP_IndicatorSpecified": false,
                     "MaritalStatusSpecified": false,
                     "PreviouslyMarriedIndicatorSpecified": false
                  },
                  "ShareAllSynchIndSpecified": false,
                  "ShareAllMarketIndSpecified": false,
                  "ShareAllOptOutIndSpecified": false,
                  "CreateDateTimeSpecified": false,
                  "LastModifyDateTimeSpecified": false,
                  "PurgeDateSpecified": false
               }}],
               "ResGuestRPH": "1",
               "AgeQualifyingCode": "10",
               "ArrivalTimeSpecified": false,
               "DepartureTimeSpecified": false,
               "GroupEventCode": "2019-11-06",
               "VIPSpecified": false,
               "PrimaryIndicatorSpecified": false,
               "Age": "30",
               "CodeContext": "216.61",
               "ActionSpecified": false
            },
                        {
               "Profiles": [{"Profile":                {
                  "Customer":                   {
                     "PersonName": [                     {
                        "GivenName": ["Nombre2"],
                        "Surname": "Apellido2",
                        "ShareSynchIndSpecified": false,
                        "ShareMarketIndSpecified": false
                     }],
                     "Email": [                     {
                        "TransferActionSpecified": false,
                        "ShareSynchIndSpecified": false,
                        "ShareMarketIndSpecified": false,
                        "DefaultIndSpecified": false,
                        "Value": "Email@email.com"
                     }],
                     "Address": [                     {
                        "EffectiveDateSpecified": false,
                        "ExpireDateSpecified": false,
                        "ExpireDateExclusiveIndicatorSpecified": false,
                        "ValidationStatusSpecified": false,
                        "TransferActionSpecified": false,
                        "DefaultIndSpecified": false,
                        "AddressLine": ["Dirección"],
                        "CityName": "Ciudad",
                        "PostalCode": "PC",
                        "FormattedIndSpecified": false,
                        "ShareSynchIndSpecified": false,
                        "ShareMarketIndSpecified": false
                     }],
                     "GenderSpecified": false,
                     "DeceasedSpecified": false,
                     "BirthDateSpecified": false,
                     "VIP_IndicatorSpecified": false,
                     "MaritalStatusSpecified": false,
                     "PreviouslyMarriedIndicatorSpecified": false
                  },
                  "ShareAllSynchIndSpecified": false,
                  "ShareAllMarketIndSpecified": false,
                  "ShareAllOptOutIndSpecified": false,
                  "CreateDateTimeSpecified": false,
                  "LastModifyDateTimeSpecified": false,
                  "PurgeDateSpecified": false
               }}],
               "ResGuestRPH": "1",
               "AgeQualifyingCode": "10",
               "ArrivalTimeSpecified": false,
               "DepartureTimeSpecified": false,
               "GroupEventCode": "2019-11-06",
               "VIPSpecified": false,
               "PrimaryIndicatorSpecified": false,
               "Age": "30",
               "CodeContext": "216.61",
               "ActionSpecified": false
            }
         ],
         "RoomStayReservationSpecified": false,
         "CreateDateTimeSpecified": false,
         "LastModifyDateTimeSpecified": false,
         "PurgeDateSpecified": false,
         "ForcedSellIndicatorSpecified": false,
         "ServiceOverrideIndicatorSpecified": false,
         "RateOverrideIndicatorSpecified": false,
         "WalkInIndicatorSpecified": false,
         "RoomNumberLockedIndicatorSpecified": false,
         "PassiveIndicatorSpecified": false
      }]}
   ],
   "TimeStampSpecified": false,
   "Target": 0,
   "TargetSpecified": true,
   "TargetName": "apiNet_29112019164265",
   "Version": 0,
   "TransactionStatusCodeSpecified": false,
   "RetransmissionIndicatorSpecified": false,
   "ResResponseTypeSpecified": false
}