{
   "POS":    {
      "KeyTransaction": "3G",
      "nationality": "CO",
      "pass": "29550c8d90eea1ee890b5a37f9b37635",
      "service": "cancelpolice",
      "user": "netactica_dev",
      "token": "e3ccfe530ac9a280d58b0c73d1d191b0"
   },
   "TransactionIdentifier": "40c5b728-a35c-4649-a1f9-6c2b5be796c9",
   "EchoToken": "apiNet_29112019164265",
   "HotelDescriptiveInfos": {"HotelDescriptiveInfo": [   {
      "HotelCode": "via_4162678",
      "ChainCode": "",
      "BrandCode": "ccc7c79f-d513-4b0f-9e0e-38d83a291a89",
      "ContentInfos":       [
                  {
            "Code": "",
            "Name": "availToken"
         },
                  {
            "Code": "",
            "Name": "Board"
         },
                  {
            "Code": "",
            "Name": "RoomTypecode"
         },
                  {
            "Code": "2019-12-01",
            "Name": "DateFrom"
         },
                  {
            "Code": "2019-12-02",
            "Name": "DateTo"
         },
                  {
            "Code": "1",
            "Name": "RoomCount"
         },
                  {
            "Code": "ccc7c79f-d513-4b0f-9e0e-38d83a291a89",
            "Name": "characteristic"
         },
                  {
            "Code": "1",
            "Name": "AdultCount"
         },
                  {
            "Code": "0",
            "Name": "ChildCount"
         },
                  {
            "Code": "ENG",
            "Name": "Language"
         },
                  {
            "Code": "ccc7c79f-d513-4b0f-9e0e-38d83a291a89",
            "Name": "rphCode"
         }
      ],
      "HotelName": "Blue Moon Hotel Autograph Collection",
      "HotelCodeContext": "",
      "HotelCityCode": ""
   }]}
}