{
   "AvailRequestSegments": {"AvailRequestSegment": [   {
      "HotelSearchCriteria":       {
         "Criterion": [         {
            "AdditionalContents": [            {
               "ContentGroupCode": "19",
               "CodeDetail": "11"
            }],
            "HotelRef": [            {
               "HotelCode": "via_4164454",
               "BrandCode": "via_4164454",
               "HotelName": "Temptation Cancun Resort All Inclusive Adults Only",
               "HotelCityCode": "",
               "HotelCodeContext": "3G"
            }],
            "RatePlanCandidates": {"RatePlanCandidate": [{}]},
            "RoomStayCandidates": [            {
               "GuestCounts": {"GuestCount": [               {
                  "Count": "2",
                  "AgeQualifyingCode": "10"
               }]},
               "Quantity": "1"
            }]
         }],
         "AvailableOnlyIndicator": true,
         "AvailableOnlyIndicatorSpecified": true
      },
      "InfoSource": "Distribution",
      "StayDateRange":       {
         "Start": "2019-12-01",
         "End": "2019-12-02"
      }
   }]},
   "POS":    {
      "KeyTransaction": "3G",
      "nationality": "CO",
      "pass": "29550c8d90eea1ee890b5a37f9b37635",
      "service": "pricing",
      "user": "netactica_dev",
      "token": "e3ccfe530ac9a280d58b0c73d1d191b0"
   },
   "HotelReservationIDs": [{"ResID_Source": ""}],
   "TransactionIdentifier": "c419def7-6a78-45f9-8495-73e3f7e2389b",
   "EchoToken": "api_291120191558117"
}